id,patente,modeloId,combustible,year,clienteId,createdAt,updatedAt
1440,hqx973,21,Nafta,8,1108,,
1441,jmx549,75,Nafta,9,373,,
1439,ljw107,144,Nafta,15,301,,
1442,kac317,33,Nafta,10,657,,
1365,paq274,119,Nafta,14,1111,,
1444,kah722,66,Nafta,14,1112,,
1443,lcw199,51,Diesel,12,1110,,
1445,hdw844,43,Diesel,7,1044,,
806,lxy914,71,Nafta,13,215,,
1438,dud194,143,Nafta,1,1107,,
1453,pov030,24,Nafta,14,1119,,
1454,frd207,51,Diesel,5,1120,,
1450,ab492pi,145,Nafta,17,1117,,
1455,emn156,18,Nafta,4,1121,,
1451,pph370,9,Nafta,14,1118,,
929,mxq803,45,Diesel,14,328,,
1452,aa248gz,146,Nafta,15,739,,
1449,iib903,21,Nafta,9,1116,,
1447,mpg478,29,Nafta,12,1114,,
1448,ac384ca,114,Diesel,17,1115,,
1446,oku984,29,Nafta,16,384,,
1196,mnd955,29,Nafta,13,1113,,
1410,ab034qd,13,Nafta,16,1086,,
1435,aa946ld,26,Nafta,16,54,,
1436,hwj693,60,Nafta,8,1105,,
1409,fze053,34,Diesel,5,1085,,
1406,fjj928,65,Nafta,15,790,,
1100,kvw368,29,Nafta,17,1083,,
1411,jpm938,26,Nafta,10,1087,,
1412,npv730,119,Nafta,8,1088,,
1417,mbu177,29,Nafta,15,1092,,
1419,nga759,45,Diesel,15,1093,,
1418,eeu766,34,Diesel,4,1085,,
1416,mba001,27,Nafta,11,1091,,
1427,ojj215,82,Nafta,14,972,,
1426,ab552uu,21,Nafta,17,568,,
1424,mrf176,67,Nafta,14,1098,,
1414,fsq965,7,Diesel,6,1089,,
1415,mxx911,21,Nafta,13,1090,,
1423,ems638,26,Nafta,4,1097,,
1431,mvn973,2,Nafta,12,1101,,
1430,jtz449,21,Nafta,10,674,,
934,NBE324,75,Nafta,14,752,,
1407,njv108,25,Nafta,14,1084,,
1408,gpd692,36,Nafta,7,367,,
1429,iqi600,26,Nafta,10,1100,,
1432,ac450wt,27,Nafta,17,1102,,
1433,pgm899,114,Diesel,16,1103,,
1421,hkq622,26,Nafta,11,1095,,
1147,jwd869,111,Nafta,10,624,,
1420,iul788,26,Nafta,9,1094,,
1422,eqt786,34,Diesel,5,1096,,
1434,lvj956,131,Nafta,13,1104,,
1378,hyc911,6,Nafta,9,499,,
1380,nec290,26,Nafta,13,1063,,
1379,oka183,60,Nafta,13,970,,
1428,eld332,18,Nafta,4,1099,,
1437,lhh760,118,Nafta,10,342,,
1351,llk685,29,Nafta,13,1045,,
1381,fhy390,29,Nafta,10,1064,,
1385,ovu816,29,Nafta,15,1067,,
1386,ior830,27,Nafta,9,1068,,
1387,inq162,36,Nafta,9,715,,
1388,pms090,127,Nafta,16,733,,
1383,fmk167,36,Nafta,7,32,,
1401,mmi368,29,Nafta,11,1080,,
1404,opw594,26,Nafta,14,88,,
1384,ljw154,41,Nafta,13,1066,,
1398,nkx499,141,Nafta,14,206,,
1345,WGT795,136,Nafta,74,2,,
1397,jwh699,73,Nafta,11,1077,,
1400,hdo249,21,Nafta,7,1079,,
1396,jrs008,21,Nafta,10,1076,,
1390,njm884,39,Nafta,12,1070,,
1402,opi161,29,Nafta,12,1081,,
1395,mkb140,25,Nafta,13,1075,,
1399,pnm407,26,Nafta,16,1078,,
1391,nmg842,29,Nafta,11,1071,,
1389,ise234,65,Nafta,10,1069,,
1392,nse277,7,Nafta,11,1072,,
1393,hfx029,26,Nafta,13,1073,,
1403,nhq420,35,Nafta,10,1082,,
1405,epw393,29,Nafta,6,859,,
1382,ixb472,18,Nafta,9,1065,,
1375,nbe323,29,Nafta,8,1059,,
1279,jjf342,97,Diesel,7,1061,,
1394,ibs893,60,Nafta,9,1074,,
1376,ldw239,82,Nafta,11,1060,,
1366,igy459,139,Nafta,8,1,,
1367,fju981,29,Nafta,5,1053,,
1349,hsz993,7,Diesel,7,1044,,
1365,paq274,119,Nafta,14,1052,,
1352,nci838,133,Nafta,11,1046,,
1346,jfn876,21,Nafta,10,1043,,
1372,sij879,140,Nafta,95,606,,
1374,mne045,67,Nafta,13,326,,
983,OJX748,26,Nafta,14,1058,,
1377,oim374,26,Nafta,13,1062,,
1355,jim108,88,Nafta,9,889,,
1356,gmq197,14,Nafta,4,1048,,
1373,mkk925,119,Nafta,14,999,,
1357,piw323,45,Diesel,16,43,,
1358,aa344ts,112,Nafta,17,724,,
1361,iph643,34,Diesel,8,1049,,
1354,ac792yt,137,Nafta,17,219,,
1359,otj743,9,Nafta,15,248,,
1362,njb827,51,Diesel,14,1050,,
1363,hdw836,43,Diesel,7,1051,,
1347,nwc041,117,Nafta,13,1044,,
1348,fje250,29,Nafta,6,368,,
1350,kju724,82,Nafta,14,173,,
1360,jna197,33,Nafta,8,948,,
1364,gsb793,138,Nafta,8,195,,
986,JHV767,8,Nafta,7,790,,
1369,dvu516,32,Nafta,1,1055,,
1368,gdt582,23,Nafta,9,1054,,
1327,obn381,27,Diesel,13,1029,,
1330,ntz997,61,Nafta,12,1032,,
1371,imr365,60,Nafta,9,1056,,
1335,hye737,24,Nafta,7,1037,,
1328,aa565ew,82,Nafta,15,1030,,
1340,gwv491,6,Nafta,3,1040,,
1370,kov896,100,Nafta,11,922,,
1324,lmz946,34,Diesel,13,1028,,
1319,mfr202,6,Nafta,13,1024,,
1326,myx265,116,Nafta,13,20,,
1336,lfx139,26,Nafta,13,1038,,
1334,gum315,5,Diesel,9,1036,,
1321,kwv368,29,Nafta,11,1025,,
1333,gpm097,34,Diesel,8,872,,
1331,lym646,27,Nafta,15,1033,,
1332,ezl842,16,Diesel,8,1034,,
561,fhf414,21,Nafta,8,1015,,
1322,jkd177,7,Nafta,14,1026,,
1341,gtx813,6,Nafta,10,1041,,
1323,jgn252,65,Nafta,17,1027,,
1309,aa131fa,60,Nafta,16,1016,,
1342,lkp549,29,Nafta,8,1042,,
1306,lmn040,131,Nafta,15,1012,,
1304,mhn934,26,Nafta,12,1010,,
1305,hcf197,47,Nafta,10,1011,,
1329,jml655,29,Nafta,13,1031,,
1338,aa136je,41,Nafta,16,872,,
1307,fbt061,25,Nafta,10,1013,,
1308,olj793,135,Nafta,14,1014,,
1310,fca849,29,Nafta,6,1017,,
1316,nic068,29,Nafta,13,1021,,
1312,lfj066,21,Nafta,12,47,,
1344,cgd428,61,Nafta,13,1023,,
1318,lgd428,61,Nafta,13,1023,,
1315,fqx369,7,Diesel,5,1020,,
1311,hyv183,29,Nafta,7,1018,,
1313,hfs481,60,Nafta,8,916,,
1314,itx785,73,Nafta,10,1019,,
1317,dqt004,45,Diesel,1,1022,,
1034,GEQ032,21,Nafta,7,1006,,
971,MAU481,82,Nafta,10,1008,,
1301,nbe359,60,Nafta,14,1007,,
1296,kcj137,29,Nafta,13,1001,,
1295,lok861,17,Diesel,12,1002,,
1303,edc742,96,Diesel,6,1009,,
1298,pqq459,35,Nafta,13,1004,,
1273,jhc738,114,Diesel,11,984,,
1297,iry611,37,Nafta,8,1003,,
1274,mho628,114,Diesel,11,985,,
1276,lxx785,13,Nafta,11,987,,
1275,kod798,9,Nafta,13,872,,
1339,poa961,133,Nafta,16,277,,
1272,npk040,51,Diesel,15,142,,
1277,mxe184,26,Nafta,11,988,,
1264,lgo174,8,Nafta,10,263,,
1265,ogi451,127,Nafta,14,977,,
1266,dce720,21,Nafta,4,978,,
1269,olw034,70,Nafta,14,83,,
1267,igk957,29,Nafta,11,1005,,
1271,jyg182,114,Diesel,13,983,,
1270,dzm052,36,Diesel,5,256,,
1262,iiy090,32,Nafta,11,975,,
1263,isw309,25,Nafta,9,35,,
1268,iya734,29,Nafta,10,980,,
1257,mub452,29,Nafta,14,971,,
1258,cwy808,44,Nafta,4,972,,
1261,aa513lj,28,Diesel,16,946,,
1255,dln947,81,Nafta,10,969,,
1256,jwa354,25,Nafta,12,872,,
1254,lny228,34,Diesel,15,968,,
1243,cvq557,26,Nafta,5,957,,
1113,aa057ec,24,Nafta,17,688,,
1226,mpt213,41,Nafta,14,944,,
1223,jwq993,36,Nafta,9,943,,
1222,prt231,114,Diesel,13,688,,
1225,ewj486,34,Diesel,5,103,,
1207,opw543,35,Nafta,14,930,,
1208,ooe590,21,Nafta,14,553,,
1227,keq080,26,Nafta,15,945,,
1231,mvb569,61,Nafta,13,948,,
1224,nks116,29,Nafta,13,384,,
1229,mfq363,29,Nafta,15,947,,
1228,hwq051,27,Diesel,9,946,,
1230,jhl513,142,Nafta,12,538,,
1177,pff490,26,Nafta,16,334,,
1178,izr629,27,Diesel,10,688,,
1180,gxc422,8,Nafta,6,913,,
1179,lgd486,131,Nafta,13,912,,
1291,kab891,131,Nafta,11,998,,
1290,opw628,21,Nafta,12,997,,
1292,lqz439,114,Diesel,15,999,,
1241,oak753,29,Nafta,15,955,,
1242,kzz144,29,Nafta,12,956,,
1181,mnh760,13,Nafta,14,887,,
1199,pbi231,114,Diesel,16,688,,
1196,mnd955,29,Nafta,13,922,,
1248,mhy422,21,Nafta,11,962,,
1249,pae748,132,Nafta,15,963,,
1194,gnk545,29,Nafta,8,714,,
1195,ouw499,34,Diesel,15,499,,
1198,liu442,112,Nafta,11,538,,
1205,kzy284,21,Nafta,11,928,,
1203,nyp679,21,Nafta,15,926,,
1253,iqi580,29,Nafta,10,967,,
1252,bkw325,32,Nafta,98,966,,
1206,fqh153,16,Nafta,6,929,,
1200,jdo426,34,Nafta,10,923,,
1184,ngj747,26,Nafta,13,915,,
1287,mrv984,29,Nafta,13,994,,
1293,ony834,134,Nafta,13,20,,
1288,nur032,133,Nafta,14,995,,
1289,gup142,29,Nafta,11,996,,
1284,aa181id,29,Nafta,11,685,,
1285,noh187,100,Nafta,13,30,,
1286,gxq098,99,Diesel,6,906,,
1185,nsw055,41,Nafta,14,243,,
957,JRZ564,21,Diesel,11,894,,
1187,mws753,75,Nafta,10,916,,
1244,fbf297,26,Nafta,5,958,,
1283,jqt089,26,Nafta,14,992,,
1282,iqi555,26,Nafta,10,991,,
1192,lke119,42,Nafta,12,118,,
1280,koi066,29,Nafta,12,989,,
1281,kwl531,26,Nafta,12,990,,
1183,kqh470,31,Nafta,11,914,,
1278,ab144mr,7,Diesel,17,301,,
1237,ncy619,29,Nafta,13,839,,
1250,env984,36,Nafta,5,964,,
1251,noh830,133,Nafta,14,965,,
1236,olv823,29,Nafta,15,951,,
1238,igu923,41,Nafta,4,952,,
1279,jjf342,97,Diesel,7,301,,
1239,ktq945,34,Diesel,14,878,,
1246,kia556,26,Nafta,11,960,,
1190,lji493,7,Diesel,16,918,,
1191,por956,7,Diesel,15,919,,
1247,lms236,112,Nafta,14,961,,
1189,dmb471,27,Nafta,99,917,,
1188,aa177jz,27,Nafta,17,320,,
1193,has372,21,Nafta,7,920,,
1235,ghs133,16,Nafta,6,894,,
1214,mma303,7,Diesel,14,936,,
514,jxx494,91,Nafta,11,935,,
1201,ipl359,21,Nafta,10,924,,
1245,mbu751,29,Nafta,13,959,,
1219,eho914,21,Nafta,8,940,,
1217,msi158,82,Nafta,12,938,,
1215,oat563,41,Nafta,14,86,,
1294,gjo302,26,Nafta,7,1000,,
1234,ivw943,21,Nafta,10,950,,
1233,phj631,91,Nafta,15,54,,
1218,mth660,29,Nafta,15,939,,
1209,luo460,122,Nafta,12,571,,
1202,kkh038,45,Diesel,13,842,,
1204,nwo749,26,Nafta,13,927,,
1156,kep479,74,Nafta,11,954,,
1221,luu995,25,Nafta,13,598,,
1220,lxk407,21,Nafta,13,941,,
1210,nlt800,7,Diesel,15,933,,
1211,nnd998,29,Nafta,14,934,,
1212,moi472,56,Nafta,13,148,,
1213,nsz152,29,Nafta,13,43,,
1155,nff463,25,Nafta,14,897,,
1157,cag581,26,Nafta,99,899,,
1154,kjn683,6,Nafta,9,895,,
1160,pgp520,21,Nafta,16,165,,
1158,fwl875,7,Diesel,8,900,,
1161,azc899,54,Nafta,1,902,,
1163,lfx026,129,Nafta,12,903,,
1164,edl021,106,Nafta,7,48,,
1240,fgg784,7,Diesel,11,953,,
1165,iya784,29,Nafta,10,904,,
1162,fyz233,7,Diesel,7,306,,
1166,moa091,70,Nafta,11,628,,
1169,ogg072,117,Nafta,13,93,,
1216,iwo898,21,Nafta,10,937,,
1156,kep479,74,Nafta,11,198,,
1170,eub764,16,Nafta,6,805,,
1176,dkl893,27,Diesel,0,911,,
1175,bqc613,26,Nafta,98,910,,
1173,mfr137,26,Nafta,10,909,,
1174,aha069,79,Nafta,99,277,,
1168,lrv100,29,Nafta,12,905,,
1167,icc315,41,Nafta,11,305,,
1171,glz708,26,Nafta,7,907,,
1172,mrf185,130,Nafta,11,908,,
897,mck198,25,Nafta,13,574,,
1146,eel942,29,Nafta,11,892,,
1147,jwd869,111,Nafta,10,846,,
1152,gdu780,81,Nafta,7,202,,
1151,goq666,7,Nafta,7,893,,
972,GAC936,60,Nafta,8,872,,
1148,opz046,124,Nafta,12,617,,
1149,gdu396,42,Nafta,7,130,,
1100,kvw368,29,Nafta,17,859,,
1101,igd058,36,Nafta,12,224,,
1150,kcy394,58,Nafta,10,870,,
1099,pmv934,9,Nafta,14,102,,
1096,jji735,9,Nafta,14,858,,
1094,mcw130,25,Nafta,14,858,,
1095,mxl640,21,Nafta,12,129,,
1144,chm076,32,Nafta,98,686,,
1107,ftt112,111,Nafta,7,863,,
513,dsq507,47,Nafta,4,861,,
409,jml645,29,Nafta,9,607,,
1108,nvd958,29,Nafta,13,864,,
1102,iib522,29,Nafta,9,860,,
1104,dgq507,47,Nafta,7,861,,
1105,ibr482,101,Nafta,17,829,,
1103,ktu710,2,Nafta,13,859,,
1106,jop285,33,Nafta,7,862,,
1075,GSB972,65,Nafta,11,867,,
1116,fyd167,26,Nafta,7,872,,
1143,ab320nc,7,Nafta,17,829,,
1113,aa057ec,24,Nafta,17,869,,
1114,ouk166,6,Nafta,15,870,,
1118,kzq022,27,Nafta,11,34,,
1119,kab853,21,Nafta,11,874,,
1117,jwa334,25,Nafta,10,873,,
1115,eht194,25,Nafta,4,871,,
1110,nuv197,39,Nafta,10,865,,
1159,jgv526,118,Nafta,12,306,,
1138,umw232,128,Nafta,90,223,,
1134,inr946,39,Nafta,8,887,,
1135,nms660,127,Nafta,14,471,,
1131,kpb662,29,Nafta,8,884,,
1120,cua932,125,Nafta,98,875,,
1140,mpa697,25,Nafta,11,888,,
1141,oyo913,13,Nafta,13,889,,
1092,hms550,111,Nafta,8,857,,
1111,kju072,25,Nafta,10,866,,
1142,etp622,7,Nafta,8,890,,
1130,fld686,26,Nafta,6,883,,
1129,hye347,105,Nafta,8,727,,
1126,msy712,119,Nafta,12,803,,
1121,llk306,71,Nafta,12,886,,
1136,fzv053,34,Nafta,5,878,,
1122,mwc888,7,Nafta,14,876,,
1127,eze685,21,Nafta,2,872,,
1128,lwf856,25,Nafta,10,881,,
1133,oek437,126,Nafta,14,411,,
1112,eli758,6,Nafta,6,868,,
1132,gby972,7,Nafta,7,885,,
1074,AB320NV,7,Diesel,16,829,,
1123,fba334,34,Nafta,5,878,,
1124,fdd745,21,Nafta,6,43,,
1055,kgf441,60,Nafta,11,835,,
1054,hlr464,26,Nafta,11,800,,
1075,GSB972,65,Nafta,11,846,,
1077,ORS400,26,Nafta,14,560,,
1067,OMW562,109,Nafta,10,847,,
1079,MQC763,24,Nafta,14,848,,
1087,LPX317,7,Diesel,13,852,,
1069,GHQ276,21,Nafta,8,842,,
1080,IPR233,14,Nafta,8,389,,
1086,PDA842,124,Diesel,12,829,,
1076,JUN256,21,Nafta,14,20,,
1082,MGT658,29,Nafta,13,18,,
1071,NHV382,25,Nafta,10,843,,
1097,ODW873,73,Nafta,7,759,,
1083,LQQ041,73,Nafta,7,849,,
1084,HRP749,6,Nafta,8,850,,
1085,DTR466,1,Nafta,1,851,,
1073,GXS936,29,Nafta,10,845,,
1091,EGL978,29,Nafta,4,856,,
1072,KHN428,112,Nafta,10,844,,
1090,EYF806,24,Nafta,5,855,,
1081,FCW277,8,Nafta,3,708,,
1004,mqk743,6,Nafta,13,799,,
1088,MRA490,9,Nafta,12,853,,
1089,OPV369,21,Nafta,14,854,,
1068,OLW051,91,Nafta,15,223,,
1033,LZF050,21,Nafta,12,821,,
1034,GEQ032,21,Nafta,7,822,,
1070,MZW602,39,Nafta,13,400,,
1021,JDQ572,21,Nafta,10,811,,
1023,FSF619,7,Diesel,8,813,,
1003,kgm429,60,Nafta,11,2,,
1032,FXZ574,41,Nafta,9,820,,
1030,HRQ286,14,Nafta,9,818,,
1035,JQD235,26,Nafta,9,823,,
1027,GEF381,21,Nafta,10,816,,
1025,PAQ423,121,Nafta,16,289,,
1031,EUO504,35,Diesel,3,819,,
1026,LAF588,26,Nafta,4,815,,
1067,OMW562,109,Nafta,10,87,,
1022,GRK806,26,Nafta,8,812,,
1066,JTU795,21,Nafta,10,356,,
1010,LXI042,116,Nafta,15,795,,
1008,JYD690,2,Nafta,14,643,,
1024,GPT471,13,Nafta,5,814,,
1020,HPI419,2,Nafta,5,810,,
1012,EVB764,16,Nafta,1,805,,
1036,NNX232,29,Nafta,16,54,,
1019,NEF590,41,Nafta,13,809,,
1045,IAG660,26,Nafta,10,136,,
1047,FRF656,26,Nafta,5,830,,
967,IOP150,24,Nafta,8,194,,
1028,KHZ725,26,Nafta,13,817,,
1011,LRV110,39,Nafta,16,804,,
1046,mvn187,7,Diesel,13,544,,
1018,HGC741,105,Nafta,12,134,,
1016,FIN708,16,Nafta,4,569,,
1038,JWV553,82,Nafta,9,824,,
1043,GUZ407,111,Nafta,7,828,,
1044,NRQ630,7,Diesel,10,829,,
1017,FWN770,21,Nafta,7,808,,
1037,KGC741,120,Nafta,14,134,,
1039,HLS136,109,Nafta,6,814,,
1040,EUQ557,26,Nafta,7,825,,
1041,GUI481,29,Nafta,7,826,,
1061,GAH020,26,Nafta,10,838,,
1062,JHV745,42,Nafta,9,186,,
1063,MTB519,25,Nafta,13,839,,
1065,JLP439,9,Nafta,9,841,,
1064,GHI276,7,Diesel,3,840,,
1048,GED548,6,Nafta,6,530,,
1051,LHD336,104,Nafta,10,832,,
1050,JNN025,82,Nafta,12,831,,
1056,ESR621,16,Nafta,99,836,,
1049,GXL897,9,Nafta,4,657,,
1053,IMA238,29,Nafta,9,834,,
1052,HOH265,7,Diesel,12,833,,
1060,LCX579,26,Nafta,11,528,,
1058,FPA398,26,Nafta,6,837,,
1014,JBS337,39,Nafta,12,321,,
1007,MLC305,21,Nafta,12,802,,
1015,KGZ087,41,Nafta,12,807,,
1006,KJH816,29,Nafta,11,801,,
1029,jdx452,122,Nafta,12,571,,
1005,HXE866,87,Nafta,16,800,,
1059,JAM423,71,Nafta,10,299,,
1343,aa057cc,24,Nafta,17,869,,
980,KDK863,91,Nafta,14,785,,
1001,KYC900,35,Nafta,16,798,,
1002,MUB359,33,Nafta,13,86,,
996,OPZ231,29,Nafta,14,54,,
1000,JYD491,41,Nafta,14,270,,
979,ILQ914,26,Nafta,6,784,,
981,DOC067,7,Diesel,98,787,,
927,mwd867,29,Nafta,13,749,,
985,KKY107,71,Nafta,13,144,,
987,EMK685,16,Nafta,4,791,,
982,OUK466,82,Nafta,15,788,,
999,LYO677,35,Nafta,10,796,,
976,MVE957,114,Diesel,12,547,,
977,LPB669,7,Diesel,13,781,,
965,HEE488,24,Nafta,6,774,,
949,IHX632,21,Nafta,10,762,,
950,GPS025,71,Nafta,5,764,,
968,ODN848,7,Diesel,14,301,,
928,ldv717,35,Nafta,11,750,,
952,MSJ278,27,Diesel,12,90,,
964,MSI652,9,Nafta,12,773,,
993,IFN216,25,Nafta,10,794,,
951,GUP132,26,Nafta,6,765,,
992,EYE041,36,Nafta,97,136,,
988,FKO883,93,Diesel,2,142,,
932,gsv134,28,Nafta,6,,,
991,XZU640,73,Nafta,11,658,,
969,KYS806,82,Nafta,12,115,,
935,JOP788,29,Nafta,11,757,,
1009,nko265,25,Nafta,12,628,,
975,KLN564,82,Nafta,13,780,,
984,HRQ990,97,Diesel,9,789,,
983,OJX748,26,Nafta,14,368,,
989,GZG629,32,Nafta,97,792,,
944,LWU225,13,Nafta,9,758,,
926,nme676,103,Diesel,13,748,,
930,ICV391,25,Nafta,12,144,,
943,JUQ002,21,Nafta,10,677,,
970,ENB507,25,Nafta,7,775,,
962,EXD347,47,Nafta,4,621,,
978,HDQ129,7,Diesel,8,782,,
961,FIN852,26,Nafta,7,770,,
960,KZK509,18,Nafta,13,769,,
990,CNR588,1,Nafta,97,793,,
994,MZH723,39,Nafta,13,140,,
971,MAU481,82,Nafta,10,776,,
948,LTT182,21,Nafta,13,53,,
953,MWD850,116,Nafta,13,766,,
443,aal007,89,Nafta,97,752,,
936,GCL644,42,Nafta,6,,,
941,HVG328,26,Nafta,9,756,,
959,FSP464,8,Nafta,4,768,,
940,JPG361,41,Nafta,11,,,
997,LXT042,116,Nafta,11,795,,
974,LPC157,91,Nafta,13,779,,
954,CHX998,32,Nafta,99,767,,
972,GAC936,60,Nafta,8,777,,
946,LZC342,27,Diesel,12,760,,
945,EOS971,26,Nafta,8,759,,
955,MUR252,41,Nafta,13,209,,
1013,LSG916,73,Nafta,12,806,,
998,ibm243,36,Nafta,10,326,,
963,ICY391,25,Nafta,12,783,,
963,ICY391,25,Nafta,12,776,,
922,hln416,71,Nafta,8,745,,
923,kxv284,82,Nafta,10,746,,
924,ivy939,21,Nafta,10,747,,
925,fcv065,29,Nafta,6,469,,
937,git725,7,Diesel,10,755,,
995,DSD454,35,Diesel,1,422,,
957,JRZ564,21,Diesel,11,761,,
938,ett366,26,Nafta,6,153,,
939,jbs635,56,Nafta,10,636,,
615,jdn561,21,Nafta,7,283,,
920,elx424,29,Nafta,4,743,,
917,fac044,111,Nafta,5,740,,
918,dfq843,21,Nafta,0,741,,
919,cqh782,44,Nafta,97,742,,
908,fse475,41,Nafta,6,731,,
921,htu721,6,Nafta,10,744,,
916,hvv183,29,Nafta,10,739,,
907,keu059,21,Nafta,12,730,,
915,ipm870,36,Nafta,10,738,,
913,mcd821,100,Nafta,13,736,,
914,hiu828,25,Nafta,8,737,,
912,fgw661,26,Nafta,6,735,,
911,dyt292,32,Nafta,1,734,,
909,khz530,41,Nafta,9,732,,
910,mlz709,29,Nafta,12,733,,
905,hbv303,29,Nafta,9,728,,
906,krs344,36,Nafta,12,729,,
894,lor284,6,Nafta,11,719,,
888,kbc421,56,Nafta,11,714,,
889,gye672,26,Nafta,4,715,,
890,dfv128,32,Nafta,0,243,,
895,joz149,29,Nafta,11,720,,
896,cel008,32,Nafta,98,721,,
904,hcp228,31,Nafta,6,727,,
899,efm154,29,Nafta,10,723,,
897,mck198,25,Nafta,13,116,,
900,jnm634,29,Nafta,7,724,,
898,lxk403,25,Nafta,12,722,,
903,lka261,7,Diesel,11,194,,
901,ivc166,7,Diesel,8,725,,
892,fqf138,27,Diesel,2,351,,
891,exq214,108,Diesel,6,716,,
902,fzw343,26,Nafta,3,726,,
887,emk234,29,Nafta,7,713,,
882,ekz813,21,Nafta,4,709,,
893,ixw340,6,Nafta,10,718,,
886,ebh050,7,Diesel,7,712,,
884,irs223,26,Nafta,12,711,,
885,jxy494,91,Nafta,11,86,,
881,etc544,25,Nafta,1,708,,
873,ipm427,25,Nafta,10,704,,
874,kwl539,21,Nafta,10,617,,
872,mux878,2,Nafta,13,703,,
871,jou658,33,Nafta,10,282,,
875,lfg463,116,Nafta,12,320,,
879,fin769,25,Nafta,6,706,,
880,lcx581,26,Nafta,10,707,,
870,cyb748,25,Nafta,99,328,,
876,ltw277,6,Nafta,12,246,,
866,ivr981,29,Nafta,10,198,,
869,kkc653,16,Nafta,11,702,,
867,ebk888,21,Nafta,10,701,,
868,lfj056,60,Nafta,9,205,,
883,jpq565,65,Nafta,5,710,,
846,knd270,29,Nafta,12,694,,
878,dpw618,45,Diesel,1,705,,
852,lrg627,75,Nafta,12,691,,
413,ckc569,27,Diesel,6,700,,
859,dve869,44,Nafta,1,130,,
854,inu613,21,Nafta,10,319,,
853,kwb104,21,Nafta,13,574,,
856,sbs639,106,Nafta,96,665,,
858,nme690,59,Nafta,12,17,,
863,ljd337,29,Nafta,14,695,,
857,fnv132,6,Nafta,10,79,,
855,len698,73,Nafta,10,134,,
862,hxw643,34,Diesel,8,697,,
864,heo765,7,Diesel,10,698,,
847,hhl764,25,Nafta,9,686,,
849,ley558,39,Nafta,10,688,,
846,knd270,29,Nafta,12,685,,
850,fev231,16,Nafta,5,689,,
837,hxq927,29,Nafta,9,679,,
838,mpx477,9,Nafta,11,154,,
848,mnq564,25,Nafta,11,687,,
85,dnb368,45,Diesel,2,690,,
865,iib750,29,Nafta,10,699,,
841,fbj720,7,Diesel,5,681,,
842,jxr650,9,Nafta,10,474,,
839,jts552,6,Nafta,11,523,,
840,iuj203,82,Nafta,10,680,,
843,imc631,25,Nafta,7,682,,
861,deq012,64,Nafta,0,693,,
844,iae614,27,Diesel,10,683,,
845,myx260,36,Nafta,14,178,,
642,frn062,60,Nafta,5,684,,
860,dag031,25,Nafta,99,692,,
851,fez357,36,Nafta,6,696,,
830,div481,21,Nafta,0,674,,
828,mjl239,60,Nafta,13,672,,
829,mie862,25,Nafta,12,673,,
833,arl272,115,Nafta,94,164,,
834,jvq002,21,Nafta,11,677,,
832,jsi399,9,Nafta,11,676,,
835,rlq363,106,Nafta,95,209,,
836,jej073,19,Nafta,10,678,,
818,fcf012,51,Diesel,6,141,,
823,hqp882,24,Nafta,10,667,,
46,fhd935,21,Diesel,5,664,,
820,edl776,7,Diesel,1,665,,
821,jfn867,36,Nafta,10,666,,
815,mbm029,24,Nafta,13,661,,
826,mrw011,73,Nafta,14,670,,
827,erg539,26,Nafta,2,671,,
824,jjn696,29,Nafta,10,668,,
819,jfx390,33,Nafta,10,496,,
825,eaw448,9,Nafta,2,669,,
822,jvk057,26,Nafta,12,360,,
817,anw653,68,Nafta,95,663,,
801,nii261,21,Nafta,14,93,,
800,mvb102,57,Diesel,14,650,,
803,gij527,111,Nafta,10,652,,
804,ezm984,21,Nafta,5,653,,
805,ipp290,7,Diesel,9,654,,
26,bwm701,22,Nafta,98,636,,
798,fsc674,96,Diesel,5,248,,
806,lxy914,71,Nafta,13,130,,
799,khs182,70,Nafta,10,649,,
807,gkj388,7,Diesel,7,655,,
808,npo786,25,Nafta,11,656,,
810,gxl871,9,Nafta,8,657,,
809,eal705,21,Nafta,1,280,,
797,kab920,2,Nafta,12,648,,
796,jpn939,87,Nafta,11,647,,
793,eod085,21,Nafta,10,644,,
792,lvg424,6,Nafta,10,184,,
816,iti752,114,Diesel,9,662,,
811,kzu640,73,Nafta,11,658,,
802,izx148,90,Nafta,10,651,,
812,hnm694,16,Nafta,10,659,,
813,flx684,26,Nafta,6,660,,
814,fpa506,6,Nafta,10,490,,
788,kkx595,16,Nafta,11,640,,
782,keq075,95,Nafta,11,633,,
779,byp524,32,Nafta,97,630,,
783,kwl552,6,Nafta,9,634,,
780,csu128,32,Nafta,98,631,,
784,jui867,16,Nafta,10,635,,
794,gye649,31,Nafta,10,645,,
781,gux288,6,Nafta,5,632,,
785,dvz452,22,Nafta,2,637,,
789,jfo622,25,Nafta,9,641,,
790,gci503,26,Nafta,5,642,,
758,lbe365,60,Nafta,11,610,,
786,ixh335,60,Nafta,10,638,,
787,epw414,29,Nafta,10,639,,
791,dck954,36,Nafta,97,643,,
766,kou928,112,Nafta,10,617,,
764,fya092,21,Nafta,7,615,,
765,jpe143,59,Nafta,9,616,,
772,kcw138,26,Nafta,9,622,,
771,ixb782,26,Nafta,10,621,,
773,lts592,85,Nafta,13,623,,
769,hkk558,25,Nafta,7,620,,
767,hcz314,26,Nafta,8,618,,
770,kkc647,73,Nafta,10,235,,
768,kbu789,33,Nafta,10,619,,
763,gjm330,7,Diesel,7,614,,
774,gfk867,41,Nafta,10,624,,
777,iqc083,21,Diesel,10,628,,
757,eul243,25,Nafta,8,352,,
775,ccw774,113,Diesel,97,626,,
759,mif547,25,Nafta,12,611,,
761,ehj805,16,Nafta,5,168,,
762,eik338,36,Nafta,95,613,,
753,kca448,5,Diesel,11,118,,
756,czy008,25,Nafta,98,609,,
760,jev211,25,Nafta,10,612,,
751,ino634,33,Nafta,10,605,,
379,hqw461,7,Diesel,6,625,,
752,jkr241,111,Nafta,11,606,,
795,ckn524,26,Nafta,98,646,,
754,jpq548,29,Nafta,11,608,,
581,lef571,25,Nafta,10,607,,
741,bxw590,6,Diesel,98,103,,
746,etg840,6,Nafta,98,600,,
778,bmy541,32,Nafta,98,629,,
287,dtu744,32,Diesel,98,601,,
749,fhd936,29,Nafta,9,603,,
755,mbq122,60,Nafta,13,333,,
748,mvn158,29,Nafta,13,602,,
745,jic077,24,Nafta,10,147,,
744,kys521,9,Nafta,10,599,,
776,euu658,54,Nafta,6,627,,
743,jvn344,61,Nafta,12,598,,
724,eke723,34,Diesel,8,119,,
723,jng415,70,Nafta,10,119,,
720,nga836,87,Nafta,13,222,,
725,fig617,53,Diesel,6,119,,
750,hjs393,2,Nafta,9,604,,
721,gue696,25,Nafta,5,595,,
722,gej056,110,Nafta,8,596,,
726,lbn912,85,Nafta,12,119,,
727,jja117,71,Nafta,12,119,,
715,fob776,35,Diesel,7,591,,
716,jmx532,67,Nafta,11,592,,
728,jii769,71,Nafta,10,119,,
717,ehj499,43,Diesel,4,593,,
718,hme971,37,Nafta,9,135,,
729,jeg280,84,Diesel,9,121,,
164,hik340,6,Nafta,9,400,,
719,hil528,7,Diesel,8,594,,
742,erx276,7,Diesel,8,597,,
730,fin857,26,Nafta,6,121,,
714,ita305,27,Nafta,10,590,,
713,ffp990,109,Nafta,9,589,,
706,bct712,32,Nafta,97,584,,
707,del475,25,Nafta,0,585,,
705,fje277,107,Nafta,6,2,,
704,dtr041,32,Diesel,0,355,,
710,eoz843,16,Nafta,4,587,,
711,avc204,22,Nafta,95,588,,
709,euo544,36,Nafta,5,586,,
712,nga842,87,Nafta,13,214,,
731,kca926,75,Nafta,12,119,,
701,ejz186,21,Nafta,4,582,,
702,rry968,106,Diesel,96,301,,
703,jbc479,29,Nafta,10,583,,
679,ido210,78,Nafta,11,564,,
682,idu846,7,Diesel,9,567,,
683,kfd568,26,Nafta,10,568,,
680,dvs291,21,Nafta,1,565,,
732,isc586,60,Nafta,10,119,,
678,fcr473,105,Nafta,5,45,,
687,ilt022,27,Diesel,10,419,,
598,ewm978,29,Nafta,2,563,,
685,njw719,41,Nafta,14,147,,
684,esv151,7,Diesel,5,569,,
700,joz146,29,Nafta,9,581,,
676,mfw484,61,Nafta,13,562,,
688,laz186,29,Nafta,9,570,,
689,hwo403,67,Nafta,10,571,,
686,fgx918,93,Diesel,7,301,,
690,jzj045,60,Nafta,9,572,,
681,ard963,26,Nafta,95,566,,
693,fzl869,21,Nafta,12,574,,
691,ijt187,61,Nafta,10,20,,
692,iev162,13,Nafta,10,573,,
698,gdu735,26,Nafta,6,579,,
699,gqh783,51,Diesel,10,580,,
694,hal053,29,Nafta,10,575,,
669,jrf712,21,Nafta,12,556,,
733,lbn915,85,Nafta,13,119,,
696,lid749,21,Nafta,10,577,,
697,ixo873,14,Nafta,10,578,,
695,ijj296,21,Nafta,8,576,,
675,keq106,33,Nafta,11,374,,
734,jmg410,70,Nafta,11,119,,
674,gwq915,9,Nafta,8,561,,
672,jtc616,55,Nafta,11,559,,
671,eys216,21,Nafta,6,558,,
673,jkd171,25,Nafta,10,560,,
670,gmz028,29,Nafta,7,557,,
973,LDA206,25,Nafta,7,778,,
735,exh773,51,Diesel,5,119,,
736,jng397,70,Nafta,10,119,,
663,eym620,36,Nafta,5,2,,
668,grz519,57,Diesel,4,555,,
662,ggw366,7,Diesel,10,551,,
660,hej542,26,Nafta,8,550,,
661,lbh751,71,Nafta,11,206,,
664,kbu114,45,Diesel,11,13,,
737,lbn914,85,Nafta,12,119,,
738,ggs964,6,Nafta,6,119,,
665,rou307,6,Nafta,94,552,,
667,fhf397,47,Nafta,6,554,,
666,djy139,26,Nafta,1,553,,
739,jks723,35,Nafta,9,119,,
659,cis124,45,Diesel,98,549,,
740,jhk695,51,Diesel,10,119,,
657,gta052,7,Diesel,7,547,,
658,irz027,8,Nafta,10,548,,
652,eho897,47,Nafta,4,543,,
656,iev165,25,Nafta,9,546,,
653,cux179,47,Nafta,99,544,,
654,mck199,100,Nafta,11,545,,
655,eqs884,29,Nafta,0,260,,
648,kgl919,35,Nafta,11,539,,
650,kqk920,33,Nafta,10,541,,
649,gxy641,104,Nafta,10,540,,
651,irs244,70,Nafta,10,542,,
642,frn062,60,Nafta,5,534,,
646,lbk482,70,Nafta,12,537,,
647,ftc832,21,Nafta,7,538,,
640,dza588,51,Diesel,1,532,,
644,jbc609,21,Nafta,10,471,,
641,edw405,26,Nafta,5,533,,
645,gof253,29,Nafta,7,536,,
639,icc064,21,Nafta,9,319,,
643,eps155,6,Nafta,4,535,,
630,jsq375,28,Nafta,12,119,,
620,lnx544,91,Nafta,12,123,,
627,ijz736,29,Nafta,10,529,,
621,eno806,29,Nafta,3,524,,
622,kaz021,70,Nafta,10,525,,
624,jqs856,21,Nafta,11,526,,
623,cua717,35,Diesel,99,27,,
629,joz273,26,Nafta,11,531,,
631,jng413,70,Nafta,12,119,,
628,ccq532,94,Nafta,99,530,,
619,hlj420,6,Nafta,10,523,,
625,czw255,16,Nafta,99,527,,
626,lcx379,26,Nafta,11,528,,
618,ivx170,102,Nafta,9,522,,
612,jac633,25,Nafta,11,257,,
632,bnp284,103,Diesel,96,119,,
617,emg551,7,Diesel,98,521,,
616,gvs994,26,Nafta,5,520,,
615,jdn561,21,Nafta,7,519,,
614,coo814,32,Nafta,98,518,,
633,gpz614,7,Diesel,5,121,,
571,jfu275,82,Nafta,11,481,,
573,ihi166,41,Nafta,10,483,,
634,jhk696,51,Diesel,12,119,,
574,koi030,71,Nafta,12,320,,
575,did807,16,Nafta,97,484,,
596,igk990,21,Nafta,8,503,,
597,jeg165,21,Nafta,10,42,,
576,ivi766,21,Nafta,11,485,,
599,iuc308,25,Nafta,10,505,,
610,hul276,29,Nafta,5,386,,
605,byo785,26,Nafta,98,510,,
598,ewm978,29,Nafta,2,504,,
570,hfw993,21,Nafta,9,113,,
609,icl414,24,Nafta,8,514,,
607,fnf297,18,Nafta,5,512,,
606,bah058,15,Diesel,97,511,,
589,djd436,101,Nafta,1,203,,
593,cde197,45,Diesel,97,500,,
638,fkv997,33,Diesel,5,119,,
608,dam986,32,Diesel,0,513,,
568,lvq400,100,Nafta,12,479,,
567,ico322,26,Nafta,10,478,,
587,kfl199,59,Nafta,9,495,,
588,frd197,6,Nafta,5,496,,
569,fig191,21,Nafta,5,480,,
592,gdz541,7,Diesel,7,499,,
591,lhu906,24,Nafta,10,498,,
595,jmp695,13,Nafta,9,502,,
585,ibj881,25,Nafta,10,493,,
613,dnu828,7,Diesel,98,517,,
586,luw456,25,Nafta,10,494,,
635,gaw993,28,Diesel,6,121,,
636,gfk053,26,Nafta,6,121,,
581,lef571,25,Nafta,10,350,,
584,lxi142,35,Diesel,12,492,,
583,czq469,26,Nafta,1,491,,
582,ibg549,19,Nafta,11,490,,
590,erh880,36,Nafta,0,497,,
579,eta973,25,Nafta,5,488,,
580,lud219,27,Diesel,12,489,,
577,jng543,29,Nafta,11,486,,
578,dcr481,25,Nafta,2,487,,
604,gjl917,7,Diesel,10,509,,
637,jng432,70,Nafta,12,119,,
603,iae505,34,Diesel,9,51,,
601,arf694,54,Nafta,96,507,,
602,cxo436,9,Nafta,99,508,,
600,eif616,26,Nafta,7,506,,
562,jcw841,91,Nafta,11,473,,
566,fsl583,16,Nafta,6,477,,
542,jzz574,99,Diesel,11,465,,
524,dda394,21,Nafta,1,451,,
553,lpp058,59,Nafta,12,119,,
563,eys008,6,Nafta,5,474,,
543,jle430,21,Nafta,10,466,,
558,hrk851,29,Nafta,8,470,,
552,jks718,35,Diesel,10,119,,
513,dsq507,47,Nafta,4,443,,
540,gum733,7,Diesel,8,464,,
555,buu787,25,Nafta,97,467,,
564,fwq697,26,Nafta,5,475,,
541,ibo769,24,Nafta,10,134,,
538,gto633,7,Diesel,8,463,,
551,jnv220,51,Diesel,10,119,,
478,jlu426,70,Nafta,11,408,,
506,hlj817,25,Nafta,9,435,,
560,jex308,61,Nafta,10,472,,
559,jbc608,84,Diesel,10,471,,
550,icx116,51,Diesel,10,119,,
539,hwx746,29,Nafta,10,334,,
565,cun379,32,Diesel,99,476,,
275,ion169,33,Nafta,10,458,,
533,fme860,26,Nafta,6,457,,
536,joc671,21,Nafta,10,461,,
549,lyh226,33,Nafta,11,119,,
534,eag330,21,Nafta,6,459,,
537,iib907,7,Diesel,8,462,,
535,gqa061,21,Nafta,10,460,,
548,dam951,7,Diesel,99,119,,
509,crn702,84,Diesel,98,439,,
517,dur070,93,Nafta,4,58,,
557,cev241,25,Nafta,97,469,,
529,bbb046,96,Diesel,94,454,,
528,ezl944,26,Nafta,10,453,,
554,jrr979,67,Nafta,10,184,,
531,jpq570,29,Nafta,10,18,,
532,jod381,25,Nafta,11,456,,
530,fxp820,97,Diesel,11,455,,
514,jxx494,91,Nafta,11,86,,
556,dpi241,32,Diesel,0,468,,
491,djd454,35,Diesel,0,422,,
525,kfg434,95,Nafta,10,320,,
516,czj014,32,Nafta,99,445,,
515,imr362,25,Nafta,9,444,,
519,gry310,94,Nafta,10,80,,
526,gut163,34,Diesel,7,452,,
489,iib490,36,Nafta,11,420,,
527,kak735,60,Nafta,12,95,,
518,kfr122,21,Nafta,10,447,,
520,jmk957,25,Nafta,10,448,,
521,krb718,59,Nafta,12,230,,
522,esg418,21,Nafta,5,449,,
505,emr465,25,Nafta,4,434,,
523,ftp423,29,Nafta,5,450,,
493,erg555,29,Diesel,13,424,,
511,how395,29,Nafta,9,441,,
512,jiv353,39,Nafta,10,442,,
510,ccx955,84,Diesel,98,440,,
508,fip926,25,Nafta,4,437,,
507,kwr696,25,Nafta,10,436,,
504,etp675,51,Diesel,7,433,,
67,esz504,21,Nafta,4,438,,
547,ffk377,35,Diesel,4,119,,
502,jkc765,9,Nafta,10,30,,
488,kfg737,29,Nafta,11,419,,
68,glr952,16,Nafta,6,418,,
500,iyo701,25,Nafta,10,430,,
546,est546,8,Nafta,3,119,,
495,ked575,26,Nafta,11,426,,
501,dob999,25,Nafta,0,431,,
482,bob020,26,Nafta,98,412,,
499,czi976,9,Nafta,96,429,,
498,jxa355,70,Nafta,10,428,,
494,dva454,45,Diesel,4,425,,
545,jks720,35,Diesel,10,119,,
497,gdz518,70,Nafta,5,427,,
496,gop945,70,Nafta,7,154,,
490,lcr632,91,Nafta,12,421,,
544,ibr015,35,Nafta,10,119,,
492,fqq456,7,Diesel,7,423,,
486,jrc046,91,Nafta,11,416,,
484,kfd512,26,Nafta,12,414,,
487,btq832,92,Diesel,97,417,,
483,err236,21,Diesel,5,413,,
485,gay515,13,Nafta,8,415,,
503,ctw537,1,Diesel,98,432,,
472,dgs470,21,Nafta,1,402,,
469,eeo218,26,Nafta,4,398,,
468,ghf226,21,Nafta,5,82,,
466,gdt075,25,Nafta,8,399,,
471,dkl927,26,Nafta,0,401,,
467,dsy830,45,Diesel,2,397,,
427,glm273,7,Diesel,10,367,,
475,lfg005,14,Nafta,12,405,,
477,gua933,7,Diesel,8,407,,
479,ktu416,6,Nafta,12,409,,
476,ecl916,21,Nafta,1,406,,
473,fsf651,7,Diesel,5,403,,
480,ipu358,60,Nafta,10,410,,
462,fqg926,9,Nafta,8,393,,
474,atg193,26,Nafta,95,404,,
481,hyv175,16,Nafta,8,411,,
444,iag595,35,Diesel,10,119,,
461,hct889,35,Diesel,6,392,,
463,kzd582,25,Nafta,10,394,,
435,gqs320,51,Diesel,8,119,,
464,gle059,7,Diesel,7,395,,
446,flg617,53,Diesel,5,119,,
441,fly956,26,Nafta,4,375,,
405,ffr806,53,Diesel,5,119,,
452,cuw837,32,Diesel,99,383,,
451,imc666,7,Diesel,11,382,,
450,edn760,29,Nafta,4,381,,
457,dea354,32,Nafta,98,388,,
458,eqt158,25,Nafta,4,389,,
465,juc259,90,Nafta,11,396,,
447,eca399,26,Nafta,5,378,,
453,jwa422,26,Nafta,11,384,,
448,day965,25,Nafta,99,379,,
454,fop583,34,Diesel,3,385,,
459,hut595,73,Nafta,7,390,,
455,dfe307,36,Nafta,0,386,,
456,hzu453,29,Nafta,9,387,,
572,emm603,25,Nafta,4,482,,
449,fxz082,7,Diesel,5,380,,
445,gpt648,51,Diesel,6,119,,
460,cfb098,15,Diesel,0,391,,
413,ckc569,27,Diesel,6,353,,
439,jbe990,33,Diesel,10,119,,
443,aal007,89,Nafta,97,377,,
438,GIH771,51,Diesel,7,119,,
440,its320,24,Diesel,8,374,,
409,jml645,29,Nafta,9,350,,
418,dkx645,25,Nafta,1,358,,
442,hud833,82,Nafta,10,376,,
437,lbn917,85,Diesel,12,119,,
420,fqu134,54,Nafta,6,361,,
219,iar851,21,Diesel,9,359,,
432,dnn328,21,Diesel,2,372,,
433,hur272,87,Diesel,9,365,,
424,cgs253,7,Diesel,97,51,,
419,jfh564,61,Nafta,10,360,,
434,hwt547,88,Nafta,10,373,,
421,jjd140,61,Nafta,10,362,,
423,env288,7,Diesel,2,353,,
422,juj091,73,Nafta,11,363,,
426,kbo286,27,Diesel,10,366,,
436,jjn063,47,Nafta,12,119,,
429,hil644,25,Nafta,8,369,,
428,gxe423,26,Nafta,8,368,,
431,gsj356,21,Nafta,6,371,,
430,ebg372,26,Nafta,4,370,,
417,jtj493,56,Nafta,9,329,,
94,exq127,24,Nafta,2,357,,
412,exv830,26,Nafta,9,352,,
411,gvp129,30,Nafta,9,209,,
415,jna529,35,Nafta,8,355,,
414,cug505,45,Diesel,99,354,,
425,avc206,86,Nafta,94,365,,
470,bza070,32,Nafta,98,400,,
416,fsi860,26,Nafta,6,356,,
410,bxy139,13,Nafta,1,351,,
388,dom831,26,Nafta,1,335,,
317,fhl996,25,Nafta,6,272,,
386,fcv055,18,Nafta,6,276,,
391,bnp286,84,Diesel,0,338,,
393,jrc087,33,Diesel,9,339,,
384,caw409,26,Nafta,98,332,,
387,erk624,29,Nafta,9,334,,
394,ecq515,50,Diesel,4,340,,
406,jnv221,51,Diesel,7,119,,
396,lrv106,29,Nafta,12,54,,
399,hkr011,6,Nafta,6,344,,
397,fty559,67,Nafta,7,342,,
389,kno492,25,Nafta,10,336,,
390,fmm111,29,Nafta,6,337,,
407,vbk463,5,Diesel,94,119,,
402,awf457,26,Nafta,95,347,,
401,esg410,54,Nafta,4,346,,
400,jzh805,26,Nafta,11,345,,
403,bgl004,32,Nafta,98,348,,
404,fna459,16,Nafta,6,349,,
383,fzt229,36,Nafta,99,331,,
374,bxr518,83,Diesel,0,172,,
373,bms304,74,Diesel,99,323,,
372,hwq348,18,Nafta,8,322,,
375,dxq314,7,Diesel,1,324,,
408,gih769,51,Diesel,6,119,,
380,kzt547,6,Nafta,10,54,,
376,crb338,84,Nafta,98,325,,
379,hqw461,7,Diesel,6,328,,
382,hlr852,20,Nafta,9,330,,
316,ibb288,26,Nafta,8,271,,
378,bct655,26,Nafta,97,327,,
381,hfx220,21,Nafta,5,329,,
377,iib747,60,Nafta,7,326,,
367,fhj021,7,Diesel,8,317,,
366,iix942,6,Nafta,10,316,,
368,chu736,26,Diesel,98,318,,
370,jmx272,15,Diesel,10,320,,
328,gan692,27,Nafta,7,26,,
371,gko877,59,Diesel,99,321,,
369,fnb192,25,Nafta,7,319,,
398,eqe044,16,Nafta,7,343,,
362,hij667,71,Diesel,5,313,,
322,irh977,7,Diesel,9,275,,
361,gdu380,81,Nafta,5,202,,
363,ets668,21,Nafta,12,314,,
360,laz202,60,Nafta,12,312,,
359,enl097,25,Nafta,9,311,,
364,fuh945,34,Diesel,6,315,,
349,jmp690,21,Nafta,11,70,,
352,hil616,71,Nafta,10,304,,
5,eyj900,22,Diesel,4,301,,
350,eyf818,80,Nafta,4,302,,
358,iro664,70,Nafta,10,310,,
357,jib557,71,Diesel,7,309,,
321,jks717,35,Diesel,10,119,,
355,ioy157,73,Nafta,10,307,,
356,fls623,54,Nafta,1,308,,
354,axu187,92,Nafta,96,306,,
351,hjm219,36,Nafta,3,303,,
353,kzt194,60,Nafta,12,305,,
395,djm912,21,Nafta,1,341,,
330,dzp235,21,Nafta,4,282,,
340,gzb199,21,Diesel,4,292,,
348,hxo474,79,Diesel,7,300,,
346,ibz521,78,Nafta,8,298,,
347,ebo561,34,Diesel,3,299,,
342,eps716,29,Diesel,2,294,,
341,bis772,32,Diesel,98,293,,
343,sjq478,76,Nafta,97,295,,
344,jng590,7,Diesel,11,296,,
327,dha561,32,Nafta,1,280,,
331,enr025,54,Nafta,12,283,,
333,dtd436,24,Nafta,12,285,,
332,gja275,27,Diesel,5,284,,
345,rex691,77,Nafta,93,297,,
329,iys357,27,Diesel,9,281,,
336,fob905,18,Nafta,5,288,,
337,fug111,64,Nafta,7,289,,
335,icl427,6,Diesel,8,287,,
324,jlj832,27,Diesel,10,277,,
338,cza357,32,Diesel,98,290,,
308,cwa742,22,Nafta,0,264,,
323,fuf314,36,Nafta,98,276,,
306,jgp364,25,Nafta,12,262,,
261,gyh000,16,Diesel,5,221,,
315,gss216,26,Diesel,2,270,,
339,emm825,23,Nafta,4,291,,
318,dsp464,8,Nafta,1,273,,
326,czi966,32,Nafta,98,279,,
325,fmv383,26,Nafta,6,278,,
334,dtq700,34,Diesel,97,286,,
307,jyr357,36,Nafta,11,263,,
310,cvm126,17,Nafta,0,266,,
309,jqj394,75,Nafta,11,120,,
312,jbc728,21,Nafta,12,13,,
311,dwh605,32,Diesel,2,267,,
320,gqs321,51,Diesel,7,119,,
314,izr637,29,Nafta,10,269,,
313,fcy649,26,Diesel,5,268,,
305,dfr429,32,Nafta,1,261,,
385,cis109,9,Nafta,98,333,,
304,eod569,7,Diesel,4,260,,
301,chs691,25,Nafta,97,257,,
303,hlj747,74,Nafta,1,259,,
302,jcf441,9,Nafta,10,258,,
220,bnv973,32,Nafta,99,186,,
297,hmu942,57,Diesel,7,253,,
299,dab753,32,Nafta,99,255,,
300,jou746,36,Nafta,7,256,,
287,dtu744,32,Diesel,98,243,,
298,bqs648,32,Nafta,98,254,,
295,gpi473,72,Nafta,12,251,,
296,hxw655,73,Nafta,8,252,,
202,dgb476,25,Nafta,1,168,,
293,ihw270,6,Nafta,10,249,,
292,fbl850,62,Diesel,7,248,,
294,ioy185,39,Nafta,10,250,,
291,fps629,21,Nafta,6,247,,
286,ffs766,29,Nafta,2,242,,
285,kjg908,21,Nafta,10,241,,
280,iag596,35,Diesel,6,119,,
282,iwb808,60,Nafta,10,238,,
288,chb625,5,Diesel,2,244,,
257,dug186,26,Diesel,2,217,,
289,fek890,9,Nafta,4,245,,
290,hlr525,26,Nafta,8,246,,
233,dyw009,21,Nafta,2,196,,
278,ibb295,6,Nafta,10,236,,
263,het400,70,Nafta,8,222,,
279,fdp650,9,Nafta,6,237,,
284,cza380,32,Nafta,99,240,,
283,eha003,29,Nafta,3,239,,
273,jbu547,21,Nafta,10,232,,
270,bav856,22,Nafta,96,229,,
272,ijm652,24,Nafta,9,231,,
271,has523,39,Nafta,6,230,,
277,hxq854,21,Diesel,8,235,,
262,mmq827,7,Diesel,9,170,,
264,kab888,37,Nafta,11,223,,
281,gos321,51,Diesel,5,119,,
265,hzf901,39,Nafta,8,224,,
274,jxy352,71,Nafta,12,233,,
269,evi046,26,Nafta,9,228,,
276,bsq648,32,Nafta,98,234,,
256,dyc941,14,Nafta,1,216,,
253,gxv607,29,Nafta,8,213,,
255,gez266,26,Nafta,8,215,,
254,jhl519,69,Nafta,11,214,,
259,juj093,29,Nafta,10,219,,
258,ghb548,21,Nafta,4,218,,
267,bwo362,32,Nafta,98,226,,
244,fmr612,29,Nafta,6,207,,
260,BJO679,26,Diesel,98,220,,
268,kqa194,25,Nafta,11,227,,
246,dus581,21,Diesel,1,208,,
245,dzv620,55,Diesel,5,129,,
248,gup129,24,Nafta,7,209,,
250,bws075,32,Nafta,98,211,,
249,hno597,24,Nafta,8,210,,
252,gkg156,35,Nafta,9,119,,
212,irs158,36,Nafta,10,178,,
251,hwh205,21,Nafta,9,212,,
243,isx355,82,Nafta,8,206,,
242,fpa689,6,Diesel,4,205,,
241,evw375,7,Diesel,4,204,,
240,bup507,68,Diesel,98,203,,
234,jgp383,6,Nafta,10,197,,
235,gpy532,67,Nafta,9,198,,
232,ges486,55,Diesel,9,195,,
238,gqf884,60,Nafta,5,194,,
239,imu487,29,Nafta,9,202,,
230,fiy724,5,Diesel,7,193,,
229,dns599,6,Diesel,7,192,,
236,iug095,21,Nafta,9,6,,
231,egf348,7,Diesel,1,194,,
237,gjj867,8,Nafta,9,201,,
218,hmv630,36,Nafta,5,184,,
217,ixh339,29,Nafta,11,183,,
221,bek531,51,Diesel,0,187,,
219,iar851,21,Diesel,9,185,,
228,god603,7,Diesel,5,191,,
216,hej555,64,Nafta,8,189,,
215,bqs631,13,Nafta,98,181,,
223,dzx523,63,Diesel,99,13,,
214,khg189,9,Nafta,10,180,,
211,gjl954,62,Diesel,10,177,,
209,igr917,56,Nafta,5,175,,
208,hwq110,61,Nafta,9,174,,
207,cdx312,32,Nafta,99,173,,
206,gfm972,22,Diesel,7,172,,
205,coo826,7,Diesel,99,171,,
210,erw238,37,Nafta,3,176,,
226,ibr011,35,Diesel,9,119,,
203,gtu284,21,Nafta,6,169,,
204,hmq827,7,Diesel,5,170,,
222,esh075,65,Nafta,4,188,,
192,etf541,29,Nafta,4,161,,
199,fyl320,60,Nafta,5,163,,
196,dsd082,32,Nafta,0,165,,
200,fxk998,6,Nafta,6,167,,
197,gcr145,29,Nafta,7,166,,
201,iag599,35,Nafta,9,119,,
198,ajs810,26,Nafta,95,88,,
193,cru145,36,Nafta,99,162,,
195,gta769,28,Diesel,1,164,,
191,fga429,59,Diesel,4,102,,
190,dvk799,16,Diesel,1,158,,
189,fub162,26,Nafta,4,157,,
179,icc553,22,Diesel,9,147,,
182,emn357,29,Diesel,3,150,,
178,dlu937,25,Nafta,2,146,,
180,fiz570,16,Diesel,5,148,,
177,frg010,51,Diesel,7,119,,
184,hiz189,57,Diesel,8,152,,
185,akx283,26,Nafta,95,153,,
188,gqf574,21,Diesel,7,156,,
186,jho553,58,Nafta,11,154,,
175,fhe207,53,Diesel,1,119,,
181,egw315,6,Nafta,4,149,,
176,hjv846,26,Nafta,9,145,,
187,bow051,32,Nafta,98,155,,
183,crb361,26,Nafta,97,151,,
172,gst465,7,Diesel,7,142,,
173,iop240,9,Nafta,9,102,,
174,bel510,29,Nafta,98,144,,
22,evv646,7,Diesel,6,19,,
170,gyy447,39,Nafta,9,140,,
171,ggl074,41,Diesel,5,141,,
167,fyv645,6,Nafta,9,137,,
163,gjr193,18,Nafta,7,134,,
168,gqr365,21,Nafta,12,138,,
164,hik340,6,Nafta,9,135,,
166,iaj660,26,Nafta,9,136,,
159,hyx197,56,Nafta,9,130,,
156,ejd092,24,Nafta,4,127,,
160,fus350,26,Nafta,5,131,,
153,grb802,9,Nafta,3,125,,
157,fdv788,25,Nafta,5,128,,
161,dbk651,26,Nafta,99,132,,
154,dms535,17,Nafta,97,101,,
158,dzd620,55,Diesel,1,129,,
162,hlr085,34,Diesel,8,133,,
155,hxr719,21,Nafta,9,126,,
152,iag598,35,Nafta,10,119,,
148,jks722,35,Nafta,12,119,,
141,fkw025,6,Nafta,4,119,,
145,ffr802,35,Diesel,4,119,,
149,gao873,41,Diesel,7,122,,
142,ibr014,35,Diesel,11,119,,
146,jjn062,47,Nafta,12,119,,
150,ebb773,54,Diesel,2,123,,
143,gqs318,51,Diesel,5,119,,
147,gkg155,35,Nafta,4,119,,
140,hbe251,35,Diesel,8,119,,
151,dox762,24,Nafta,0,124,,
144,fde985,53,Diesel,4,119,,
134,fde987,53,Diesel,4,119,,
138,flg614,53,Diesel,3,119,,
135,bvk463,5,Diesel,99,119,,
139,hbe252,35,Diesel,7,119,,
136,ffr800,35,Diesel,4,119,,
133,fkv995,6,Nafta,4,119,,
137,est531,51,Diesel,3,120,,
127,fft671,49,Diesel,4,117,,
131,enm893,34,Diesel,1,119,,
128,dsu029,5,Diesel,1,118,,
132,bsj340,52,Diesel,96,119,,
129,dsw154,50,Nafta,2,119,,
130,fel175,51,Diesel,7,119,,
124,dzo409,44,Nafta,0,114,,
125,hgo349,41,Diesel,7,115,,
122,edz701,21,Diesel,1,113,,
126,iuv037,25,Nafta,10,68,,
123,fnd138,28,Diesel,6,13,,
120,ifg090,36,Nafta,9,111,,
121,fbv636,9,Nafta,2,112,,
119,iph581,16,Nafta,10,110,,
115,fyx698,21,Nafta,6,106,,
116,chd634,32,Nafta,98,107,,
113,hvu778,7,Diesel,6,104,,
118,hgd532,25,Nafta,2,108,,
114,gcs493,16,Diesel,7,105,,
106,gto041,25,Nafta,7,100,,
111,dvw033,34,Diesel,2,103,,
107,dos099,25,Nafta,2,25,,
108,dmc535,17,Nafta,99,101,,
105,cfl786,25,Nafta,97,99,,
109,jro349,41,Nafta,10,102,,
98,iwo936,21,Nafta,10,93,,
102,ewv363,26,Nafta,2,97,,
99,eci387,29,Diesel,3,94,,
103,gij129,21,Nafta,4,98,,
100,hej057,29,Diesel,5,95,,
97,fbj037,24,Nafta,2,58,,
101,hhj102,29,Diesel,5,96,,
94,exq127,24,Nafta,2,89,,
96,ett142,26,Nafta,2,90,,
93,iev186,29,Nafta,6,88,,
87,cxz339,25,Nafta,1,82,,
86,euo488,29,Nafta,6,81,,
88,dxf505,46,Diesel,0,83,,
91,jhv548,82,Nafta,11,86,,
89,fhd548,26,Nafta,4,84,,
92,how562,37,Nafta,1,87,,
90,ifi977,47,Nafta,4,85,,
84,cbb076,44,Nafta,98,79,,
85,dnb368,45,Diesel,2,80,,
83,ijw714,25,Nafta,9,78,,
319,tyx571,38,Diesel,97,75,,
73,ijm638,35,Nafta,6,69,,
77,jau935,39,Nafta,10,72,,
70,bbn272,40,Diesel,97,66,,
81,chm178,1,Diesel,98,76,,
74,enm219,33,Diesel,4,45,,
67,esz504,21,Nafta,4,63,,
78,gdp846,42,Nafta,3,73,,
71,jjt165,29,Nafta,11,67,,
82,bbv341,43,Diesel,96,77,,
75,emq512,25,Nafta,3,70,,
68,glr952,16,Nafta,6,64,,
79,its314,25,Nafta,9,74,,
72,ehp883,25,Nafta,4,68,,
76,jgp361,41,Nafta,12,71,,
69,dzq833,21,Nafta,0,65,,
8,dzj045,23,Nafta,1,6,,
66,ecs493,16,Diesel,5,62,,
169,ecq717,7,Diesel,1,17,,
63,flu601,16,Nafta,5,59,,
9,dhl887,16,Nafta,0,7,,
64,hzw885,39,Diesel,9,60,,
10,gye663,24,Nafta,5,8,,
65,fsf382,16,Nafta,6,61,,
1,flj688,20,Nafta,4,1,,
62,ast076,38,Nafta,98,58,,
59,iqu230,37,Diesel,10,55,,
52,ctg444,32,Nafta,99,48,,
56,dza558,36,Nafta,1,52,,
60,cgj089,32,Nafta,99,56,,
53,cbl995,9,Nafta,99,49,,
57,gqc574,26,Nafta,3,53,,
61,elo338,25,Nafta,12,57,,
54,fyg190,35,Nafta,5,50,,
58,htm156,29,Nafta,9,54,,
55,ggc253,29,Diesel,5,51,,
48,dxk342,26,Diesel,1,44,,
40,dah663,26,Nafta,1,37,,
44,hao554,7,Diesel,8,41,,
37,czn400,32,Diesel,12,34,,
49,gxz786,27,Diesel,4,45,,
41,des927,25,Nafta,0,38,,
46,fhd935,21,Diesel,5,42,,
38,efh840,25,Nafta,12,35,,
50,gkf058,26,Nafta,6,46,,
42,ftc782,34,Diesel,10,39,,
47,emp381,29,Nafta,8,43,,
39,how673,33,Diesel,8,36,,
51,gdu430,21,Nafta,4,47,,
43,igo525,24,Nafta,7,40,,
33,czi985,1,Nafta,0,30,,
30,bct700,26,Nafta,99,27,,
34,DZW043,21,Diesel,4,31,,
31,cnd832,22,Nafta,99,28,,
35,cfg787,26,Diesel,0,32,,
32,atz202,30,Nafta,96,29,,
36,htt085,31,Nafta,5,33,,
26,bwm701,22,Nafta,98,23,,
23,eyv754,9,Nafta,5,20,,
27,faq511,25,Nafta,4,24,,
24,idm689,25,Nafta,11,21,,
28,eut109,21,Nafta,5,25,,
25,dac741,21,Nafta,4,22,,
29,cvw126,17,Nafta,99,26,,
16,eop216,29,Nafta,3,14,,
20,gsv139,28,Diesel,3,13,,
17,enz803,29,Nafta,4,15,,
21,egv729,29,Nafta,3,18,,
18,gvy401,7,Diesel,3,16,,
15,jbu612,28,Diesel,11,13,,
14,fzf687,27,Diesel,4,12,,
13,gxv597,26,Nafta,9,11,,
7,gkl871,9,Nafta,4,5,,
11,bag607,9,Diesel,96,9,,
12,hls844,25,Nafta,5,10,,
4,btd387,1,Diesel,97,2,,
3,hut605,21,Nafta,9,3,,
2,vel184,4,Nafta,71,2,,
213,ggk882,21,Nafta,7,179,,
594,dwn847,32,Nafta,0,501,,
956,GXZ750,47,Nafta,1,686,,
227,gvp108,66,Nafta,9,190,,
611,fwq803,21,Nafta,5,516,,
392,dfj526,21,Nafta,0,276,,
931,big684,22,Nafta,97,751,,
1042,FQL148,21,Nafta,6,827,,
19,eco717,7,Diesel,3,NULL,,
80,tyt571,38,Nafta,94,NULL,,
112,huv778,7,Diesel,6,NULL,,
117,euu646,7,Diesel,2,NULL,,
165,aij660,26,Nafta,9,NULL,,
194,fly320,60,Nafta,6,NULL,,
224,ehj555,64,Nafta,5,NULL,,
225,hyz197,56,Nafta,9,NULL,,
266,dzw042,21,Diesel,2,NULL,,
365,dii074,35,Nafta,1,NULL,,
677,ewv978,26,Nafta,5,NULL,,
747,dtu747,21,Nafta,0,NULL,,
831,jwa342,56,Nafta,11,NULL,,
877,ltp211,98,Diesel,12,NULL,,
933,GSW139,28,Nafta,1,NULL,,
942,FSC676,96,Diesel,3,NULL,,
947,JRZ,21,Diesel,11,NULL,,
958,FCE992,6,Nafta,99,NULL,,
966,MUX959,39,Nafta,12,NULL,,
1057,GTI725,7,Diesel,10,NULL,,
1078,OND972,26,Nafta,16,NULL,,
1098,tbr482,101,Nafta,94,NULL,,
1109,msl239,60,Nafta,12,NULL,,
1125,kpg358,114,Nafta,11,NULL,,
1137,gyy446,16,Nafta,7,NULL,,
1139,hpi425,25,Nafta,8,NULL,,
1145,gpe793,7,Nafta,7,NULL,,
1153,gjl912,7,Nafta,11,NULL,,
1232,ipl799,21,Nafta,15,NULL,,
1259,ppa398,26,Nafta,6,NULL,,
1260,lor298,82,Nafta,11,NULL,,
1299,geqo32,21,Nafta,11,NULL,,
1300,noh130,133,Nafta,14,NULL,,
1302,mvx811,132,Nafta,14,NULL,,
1320,iya754,29,Nafta,13,NULL,,
1325,HYX265,116,Nafta,15,NULL,,
1337,ecr499,34,Diesel,98,NULL,,
1353,hdl674,47,Nafta,8,NULL,,
